id;ip_address;hash;mac;reception_order_id
1;Increible;syndicate Granito;alto Desarrollador;1
2;RAM Granito;Senior innovative;Islas;2
3;acceso withdrawal;ubiquitous Plástico 24/7;Negro Plástico Inversor;3
4;wireless primary Investigación;Market Morado;Administrador;4
5;technologies de Asturias;RSS Interacciones;Representante hardware mano;5
6;Metal value-added;Vietnam;Ergonómico Sorprendente;6
7;cultivate Ordenador Inversor;Adelante calculate;connecting;7
8;Ergonómico;deploy navigating interface;Money;8
9;indexing enfoque Progresivo;Berkshire digital;Account Juguetería Andorra;9
10;hacking artificial Artesanal;reintermediate;León;10
